{
    "loss": 1.6723787784576416,
    "accuracy": 0.8362069129943848
}