{
    "loss": 0.5262839794158936,
    "accuracy": 0.9396551847457886
}