{
    "loss": 0.9484372735023499,
    "accuracy": 0.8793103694915771
}